[
  {
    "ParameterKey": "EnableRootMfaRule",
    "ParameterValue": "true"
  },
  {
    "ParameterKey": "EnableIamPasswordPolicyRule",
    "ParameterValue": "false"
  },
  {
    "ParameterKey": "KMSId",
    "ParameterValue": ""
  },
  {
    "ParameterKey": "MaximumExecutionFrequency",
    "ParameterValue": "TwentyFour_Hours"
  },
  {
    "ParameterKey": "RequireUppercaseCharacters",
    "ParameterValue": "true"
  },
  {
    "ParameterKey": "RequireLowercaseCharacters",
    "ParameterValue": "true"
  },
  {
    "ParameterKey": "RequireSymbols",
    "ParameterValue": "true"
  },
  {
    "ParameterKey": "RequireNumbers",
    "ParameterValue": "true"
  },
  {
    "ParameterKey": "MinimumPasswordLength",
    "ParameterValue": "12"
  },
  {
    "ParameterKey": "PasswordReusePrevention",
    "ParameterValue": "6"
  },
  {
    "ParameterKey": "MaxPasswordAge",
    "ParameterValue": "90"
  }
]